,0,1,2,3,4,5,6,7,8,9,10,11,12,13,14,15,16,17,18,19,20,21,22,23,24,25,26,27,28,29,30,31,32,33,34,35,36,37,38,39,40,41,42,43,44,45,46,47,48,49,50,51,52,53,54,55,56,57,58,59,60,61,62,63,64,65,66,67,68,69,70,71,72,73,74,75,76,77,78,79,80,81,82,83,84,85,86,87,88,89,90,91,92,93,94,95,96,97,98,99
international office,,,,,,,,,,,,,,,,,,,,,,,,,,,,,,,,,,,,,,,,,,,,,,,,,,,,,,,,,,,,,,,,,,,,,,,,,,,,,,,,,,,,,,,,,,,,,,,,,,,,
software engineering research,,,,,,,,,,,,,,,,,,,,,,,,,,,,,,,,,,,,,,,,,,,,,,,,,,,,,,,,,,,,,,,,,,,,,,,,,,,,,,,,,,,,,,,,,,,,,,,,,,,,
Cookie,,,,,,,,,,,,,,,,,,,,,,,,,,,,,,,,,,,,,,,,,,,,,,,,,,,,,,,,,,,,,,,,,,,,,,,,,,,,,,,,,,,,,,,,,,,,,,,,,,,,
president of the university,,,,,,,,,,,,,,,,,,,,,,,,,,,,,,,,,,,,,,,,,,,,,,,,,,,,,,,,,,,,,,,,,,,,,,,,,,,,,,,,,,,,,,,,,,,,,,,,,,,,
computer science research awards,,,,,,,,,,,,,,,,,,,,,,,,,,,,,,,,,,,,,,,,,,,,,,,,,,,,,,,,,,,,,,,,,,,,,,,,,,,,,,,,,,,,,,,,,,,,,,,,,,,,
semantic similarity,,,,,,,,,,,,,,,,,,,,,,,,,,,,,,,,,,,,,,,,,,,,,,,,,,,,,,,,,,,,,,,,,,,,,,,,,,,,,,,,,,,,,,,,,,,,,,,,,,,,
tiger bike's current offer,,,,,,,,,,,,,,,,,,,,,,,,,,,,,,,,,,,,,,,,,,,,,,,,,,,,,,,,,,,,,,,,,,,,,,,,,,,,,,,,,,,,,,,,,,,,,,,,,,,,
where is the library located?,http://www.memphis.edu/libraries/&sa=U&ved=0ahUKEwiZv527gv_XAhXl3YMKHfBQAQgQFggUMAA&usg=AOvVaw37dIyjIP6HTpnueLo--BMR,http://www.memphis.edu/libraries/about/hours/&sa=U&ved=0ahUKEwiZv527gv_XAhXl3YMKHfBQAQgQFgg6MAQ&usg=AOvVaw3Nel-Vwfm9GfplHRiMHgCH,http://www.memphis.edu/libraries/resources/&sa=U&ved=0ahUKEwiZv527gv_XAhXl3YMKHfBQAQgQFghBMAU&usg=AOvVaw3QM_GXMU2OSK2mNP56K_jc,http://www.memphis.edu/libraries/musiclibrary/index.php&sa=U&ved=0ahUKEwiZv527gv_XAhXl3YMKHfBQAQgQFghHMAY&usg=AOvVaw0Ts4rL5TtH7zyVxOL0odIu,https://sierra.memphis.edu/&sa=U&ved=0ahUKEwiZv527gv_XAhXl3YMKHfBQAQgQFghNMAc&usg=AOvVaw1zM2ni1pzhDmjcWAuuOTdp,http://www.memphis.edu/libraries/about/departments.php&sa=U&ved=0ahUKEwiZv527gv_XAhXl3YMKHfBQAQgQFghUMAg&usg=AOvVaw0lTot7JuzKsNNSTCOGoSmb,http://www.memphis.edu/innovation/collierville/&sa=U&ved=0ahUKEwiZv527gv_XAhXl3YMKHfBQAQgQFghaMAk&usg=AOvVaw0jYZJfCvCBZSQQN6GepcYl,http://www.memphis.edu/libraries/services/print.php&sa=U&ved=0ahUKEwiZv527gv_XAhXl3YMKHfBQAQgQFghgMAo&usg=AOvVaw3jW9AV3-_qIJ1KQh-lbvCP,http://www.memphis.edu/libraries/hslibrary/&sa=U&ved=0ahUKEwiZv527gv_XAhXl3YMKHfBQAQgQFghmMAs&usg=AOvVaw1SF99Vp5ZzuznrUCzg3S30,http://www.memphis.edu/law/library/&sa=U&ved=0ahUKEwiZv527gv_XAhXl3YMKHfBQAQgQFghsMAw&usg=AOvVaw0A5qzuC79iewv2mSn0yj5W,http://www.memphis.edu/law/library/&sa=U&ved=0ahUKEwii0YO-gv_XAhXq4IMKHeynAfk4ChAWCBQwAA&usg=AOvVaw1Vr7oxUdMzJ3qpD6-Q3oj1,http://www.memphis.edu/libraries/special-collections/&sa=U&ved=0ahUKEwii0YO-gv_XAhXq4IMKHeynAfk4ChAWCBowAQ&usg=AOvVaw1JGJMCiNULdKEaFM3mUh4U,https://map.memphis.edu/&sa=U&ved=0ahUKEwii0YO-gv_XAhXq4IMKHeynAfk4ChAWCCAwAg&usg=AOvVaw3HdXxMMcjUczCdmuroIX3F,http://www.memphis.edu/&sa=U&ved=0ahUKEwii0YO-gv_XAhXq4IMKHeynAfk4ChAWCCYwAw&usg=AOvVaw1o8nnKaJVKnHESv2cvjUCD,http://www.memphis.edu/cwc/&sa=U&ved=0ahUKEwii0YO-gv_XAhXq4IMKHeynAfk4ChAWCCwwBA&usg=AOvVaw2bf0SLU-AsLaclvcN9cuAd,http://www.memphis.edu/libraries/special-collections/staff.php&sa=U&ved=0ahUKEwii0YO-gv_XAhXq4IMKHeynAfk4ChAWCDIwBQ&usg=AOvVaw1yV63BIu2_Qb2XliXQx4Gj,http://iprint.memphis.edu/&sa=U&ved=0ahUKEwii0YO-gv_XAhXq4IMKHeynAfk4ChAWCDgwBg&usg=AOvVaw0sNXJQNx94qgtpou4FHkhh,http://catalog.memphis.edu/content.php%3Fcatoid%3D4%26navoid%3D116&sa=U&ved=0ahUKEwii0YO-gv_XAhXq4IMKHeynAfk4ChAWCD4wBw&usg=AOvVaw3ZDgn7xCImYscBx-ynMIbV,http://www.memphis.edu/bursar/&sa=U&ved=0ahUKEwii0YO-gv_XAhXq4IMKHeynAfk4ChAWCEMwCA&usg=AOvVaw0QEtVpaG7nRZMUHl7mpNa3,http://catalog.memphis.edu/preview_program.php%3Fcatoid%3D4%26poid%3D898%26returnto%3D99&sa=U&ved=0ahUKEwii0YO-gv_XAhXq4IMKHeynAfk4ChAWCEkwCQ&usg=AOvVaw0qcBnkbnc6Z89TJvWYmC6A,http://www.memphis.edu/financialaid/&sa=U&ved=0ahUKEwiY9uzAgv_XAhVl4oMKHScPBDo4FBAWCBQwAA&usg=AOvVaw3dJCzxT2hwJQ64Q_xUcmDc,http://libguides.memphis.edu/healthsportsciences&sa=U&ved=0ahUKEwiY9uzAgv_XAhVl4oMKHScPBDo4FBAWCBowAQ&usg=AOvVaw1qUOr26F5YNd2BxtQjT8Jg,http://www.memphis.edu/sph/&sa=U&ved=0ahUKEwiY9uzAgv_XAhVl4oMKHScPBDo4FBAWCB0wAg&usg=AOvVaw1HjeqvtolrQiq0AX6sQXln,http://www.memphislibrary.org/&sa=U&ved=0ahUKEwiY9uzAgv_XAhVl4oMKHScPBDo4FBAWCCMwAw&usg=AOvVaw24pezVdUSoM85oGtCo1_aF,http://www.memphislibrary.org/about/locations/&sa=U&ved=0ahUKEwiY9uzAgv_XAhVl4oMKHScPBDo4FBAWCCkwBA&usg=AOvVaw3IVd-_SNHiDbf46rl6bXoO,http://www.memphislibrary.org/about/locations/bartlett-library/&sa=U&ved=0ahUKEwiY9uzAgv_XAhVl4oMKHScPBDo4FBAWCC8wBQ&usg=AOvVaw2So3-zMdpkeGIEPQAOpDMG,https://en.wikipedia.org/wiki/Memphis_Public_Library&sa=U&ved=0ahUKEwiY9uzAgv_XAhVl4oMKHScPBDo4FBAWCDUwBg&usg=AOvVaw3fOmmrXSvRQ0dzEkMhgh9G,https://www.rhodes.edu/hr/&sa=U&ved=0ahUKEwiY9uzAgv_XAhVl4oMKHScPBDo4FBAWCDswBw&usg=AOvVaw06g0GzMC_1edFujRM0KonP,http://www.southwest.tn.edu/&sa=U&ved=0ahUKEwiY9uzAgv_XAhVl4oMKHScPBDo4FBAWCEAwCA&usg=AOvVaw0ky8NsMXvp2QKtMVkhSXL3,https://memphis.campusdish.com/Locations/EinsteinBrosBagels.aspx&sa=U&ved=0ahUKEwiY9uzAgv_XAhVl4oMKHScPBDo4FBAWCEYwCQ&usg=AOvVaw1PMJNwsH5LwWAk6mmTSRz5,http://www.tnla.org/%3Fpage%3Dtl65_2_maps&sa=U&ved=0ahUKEwj7oMTDgv_XAhWIyoMKHR1rA7w4HhAWCBQwAA&usg=AOvVaw3MP38JQSXDeZVh2Ya0Lvcc,https://library.uthsc.edu/&sa=U&ved=0ahUKEwj7oMTDgv_XAhWIyoMKHR1rA7w4HhAWCBkwAQ&usg=AOvVaw3u1l_3VeykrQPgPIvF9AN_,http://memphisseminary.edu/student-resources/mts-library/&sa=U&ved=0ahUKEwj7oMTDgv_XAhWIyoMKHR1rA7w4HhAWCB8wAg&usg=AOvVaw0LRqu2C6WzSElymXnB6mvZ,/books.google.com/books?id=CzKeBQAAQBAJ&pg=PA16&lpg=PA16&dq=where+is+the+library+located?+site:+memphis.edu&source=bl&ots=Rg3MgMvb7c&sig=FJtfXTr-fqTqYf13U0rNv0iaCEg&hl=en&sa=X&ved=0ahUKEwj7oMTDgv_XAhWIyoMKHR1rA7w4HhDoAQglMAM,https://www.bellevue.org/library&sa=U&ved=0ahUKEwj7oMTDgv_XAhWIyoMKHR1rA7w4HhAWCCkwBA&usg=AOvVaw04hkmiJW5tgRhyUSy8pCW-,https://locations.einsteinbros.com/ll/US/TN/Memphis/126-Ned-R-McWherter&sa=U&ved=0ahUKEwj7oMTDgv_XAhWIyoMKHR1rA7w4HhAWCC8wBQ&usg=AOvVaw2nSA39BdPvi5QOWGC-yYf8,https://www.linkedin.com/jobs/view/volunteer-website-development-consultant-for-ganga-library-inc.-at-taproot-foundation-444962073&sa=U&ved=0ahUKEwj7oMTDgv_XAhWIyoMKHR1rA7w4HhAWCDUwBg&usg=AOvVaw2SfhQ-uGQmVugepXAMbRUQ,http://colliervillelibrary.org/&sa=U&ved=0ahUKEwj7oMTDgv_XAhWIyoMKHR1rA7w4HhAWCDgwBw&usg=AOvVaw0igRN-Bx0f8eh1GXl97CDz,https://www.germantown-tn.gov/services/library&sa=U&ved=0ahUKEwj7oMTDgv_XAhWIyoMKHR1rA7w4HhAWCD4wCA&usg=AOvVaw2fcN9CkudatfZXM8ldLidj,https://www.cityofbartlett.org/605/Bartlett-Library&sa=U&ved=0ahUKEwj7oMTDgv_XAhWIyoMKHR1rA7w4HhAWCEMwCQ&usg=AOvVaw18z0EhbBy-b4tmjovZNUuW,https://www.cbu.edu/library&sa=U&ved=0ahUKEwjJvJrGgv_XAhVo4IMKHUeiCT84KBAWCBQwAA&usg=AOvVaw2DkiCrippAlrJ0lx9tg7XB,http://harringtonlc.org/memphis/&sa=U&ved=0ahUKEwjJvJrGgv_XAhVo4IMKHUeiCT84KBAWCBowAQ&usg=AOvVaw2WzcCgrG6R5bMzaVmRlFm0,https://twitter.com/mem_library%3Flang%3Den&sa=U&ved=0ahUKEwjJvJrGgv_XAhVo4IMKHUeiCT84KBAWCCAwAg&usg=AOvVaw0v7HlhivVoUzXNJJKMfTcV,https://nb.wordpress.org/plugins/memphis-documents-library/&sa=U&ved=0ahUKEwjJvJrGgv_XAhVo4IMKHUeiCT84KBAWCCYwAw&usg=AOvVaw0JVDxxXjk_TuaAOFbf5PNU,https://fi.wordpress.org/plugins/memphis-documents-library/&sa=U&ved=0ahUKEwjJvJrGgv_XAhVo4IMKHUeiCT84KBAWCCwwBA&usg=AOvVaw0Bc_s1mW5ce8r9R8lBspRs,http://www.literacymidsouth.org/resources/resource-map/memphis-public-library--information-center-bartlett/&sa=U&ved=0ahUKEwjJvJrGgv_XAhVo4IMKHUeiCT84KBAWCDIwBQ&usg=AOvVaw0Bcst-Vot48oWutaQwd6Sx,http://westmemphislibrary.org/&sa=U&ved=0ahUKEwjJvJrGgv_XAhVo4IMKHUeiCT84KBAWCDgwBg&usg=AOvVaw2BEaMomyNI_m4fHn7kDFcs,http://crdl.usg.edu/export/html/mcrrc/iots/crdl_mcrrc_iots.html&sa=U&ved=0ahUKEwjJvJrGgv_XAhVo4IMKHUeiCT84KBAWCD4wBw&usg=AOvVaw3vSySxItizv-dezhfVM29m,https://www.usnews.com/best-graduate-schools/top-law-schools/university-of-memphis-humphreys-03145&sa=U&ved=0ahUKEwjJvJrGgv_XAhVo4IMKHUeiCT84KBAWCEQwCA&usg=AOvVaw312wlfYzBhOzUm0T_iE_N4,http://www.commercialappeal.com/story/news/local/the-901/2017/09/15/memphis-public-library-invites-users-start-here/669365001/&sa=U&ved=0ahUKEwjJvJrGgv_XAhVo4IMKHUeiCT84KBAWCEowCQ&usg=AOvVaw1BxxnrZxYoWcVU1XbqNbJu,http://www.libraries.olemiss.edu/uml/maps-and-directions/library-locations&sa=U&ved=0ahUKEwi7l_nIgv_XAhVGw4MKHZZsDDI4MhAWCBQwAA&usg=AOvVaw0ddcLc7_QeQKDZdHbGhIaJ,https://www.librarything.com/venue/7026/Memphis-Public-Library-Information-Center-Benjamin-L-Hooks-Central-Library&sa=U&ved=0ahUKEwi7l_nIgv_XAhVGw4MKHZZsDDI4MhAWCBowAQ&usg=AOvVaw37AIe4jKS2hi5IRouUfF_e,https://www.belhaven.edu/pdfs/Library-Handbook.pdf&sa=U&ved=0ahUKEwi7l_nIgv_XAhVGw4MKHZZsDDI4MhAWCCAwAg&usg=AOvVaw3jhPSF0yTT0Sw7jppW-379,https://library.municode.com/tn/memphis/codes/code_of_ordinances%3FnodeId%3DTIT12STSIPUPL_CH12-4STGE&sa=U&ved=0ahUKEwi7l_nIgv_XAhVGw4MKHZZsDDI4MhAWCCUwAw&usg=AOvVaw25Lwy69xkY20C0uMx4Z518,/books.google.com/books?id=NJRGAQAAIAAJ&pg=PA340&lpg=PA340&dq=where+is+the+library+located?+site:+memphis.edu&source=bl&ots=H2Yinml-0l&sig=nUASpaibde9mT_W8BD4I6NNDeA8&hl=en&sa=X&ved=0ahUKEwi7l_nIgv_XAhVGw4MKHZZsDDI4MhDoAQgqMAQ,https://www.asumidsouth.edu/students/library/&sa=U&ved=0ahUKEwi7l_nIgv_XAhVGw4MKHZZsDDI4MhAWCCwwBQ&usg=AOvVaw0t32qJcd0J1aPMh3x5zEWW,https://www.sco.edu/library&sa=U&ved=0ahUKEwi7l_nIgv_XAhVGw4MKHZZsDDI4MhAWCDEwBg&usg=AOvVaw1D51ZVGBM71gEjLK_m2i4a,http://www.campusschool.org/&sa=U&ved=0ahUKEwi7l_nIgv_XAhVGw4MKHZZsDDI4MhAWCDcwBw&usg=AOvVaw0aYMS_sL9V0IPY_sFZvKC2,http://inalj.com/%3Fpage_id%3D56432&sa=U&ved=0ahUKEwi7l_nIgv_XAhVGw4MKHZZsDDI4MhAWCD0wCA&usg=AOvVaw3Y9WNYwRhgKRpAphGKTNu9,https://www.musowls.org/page/academics/library&sa=U&ved=0ahUKEwi7l_nIgv_XAhVGw4MKHZZsDDI4MhAWCEMwCQ&usg=AOvVaw0uTcEapvjXxu1whdKNOswa,http://www.loc.edu/&sa=U&ved=0ahUKEwiKpNHLgv_XAhVo7oMKHTqxApE4PBAWCBQwAA&usg=AOvVaw0usEraarvwJQ3QQof_Fnf_,http://onlinelibrary.wiley.com/doi/10.1111/sjp.12166/full&sa=U&ved=0ahUKEwiKpNHLgv_XAhVo7oMKHTqxApE4PBAWCBowAQ&usg=AOvVaw0fZiGHnK4oKRHxsk4P1KNs,https://www.stjude.org/research/shared-resources/biomedical-library.html&sa=U&ved=0ahUKEwiKpNHLgv_XAhVo7oMKHTqxApE4PBAWCB0wAg&usg=AOvVaw1wlE7nwJ6ch4uvMJ6Lyill,http://library.ifla.org/1011/1/151-mehra-en.pdf&sa=U&ved=0ahUKEwiKpNHLgv_XAhVo7oMKHTqxApE4PBAWCCMwAw&usg=AOvVaw0btKkjnlCWbSpCIwZgbEkg,https://www.lsac.org/officialguide/2013/lsac_1459.asp&sa=U&ved=0ahUKEwiKpNHLgv_XAhVo7oMKHTqxApE4PBAWCCowBA&usg=AOvVaw1WqJUZApDSePXkyujhim-3,http://www.webster.edu/memphis/&sa=U&ved=0ahUKEwiKpNHLgv_XAhVo7oMKHTqxApE4PBAWCC8wBQ&usg=AOvVaw2iRTZH02IcJU-vmdiQruxD,http://www.sccl.lib.mi.us/&sa=U&ved=0ahUKEwiKpNHLgv_XAhVo7oMKHTqxApE4PBAWCDUwBg&usg=AOvVaw3mb-ikB9gt5-4P2vyiLdXq,http://www.millingtonpubliclibrary.org/&sa=U&ved=0ahUKEwiKpNHLgv_XAhVo7oMKHTqxApE4PBAWCDswBw&usg=AOvVaw0-nhakOyTaY2saIWbgjP8K,/books.google.com/books?id=FV1LAQAAMAAJ&pg=PT536&lpg=PT536&dq=where+is+the+library+located?+site:+memphis.edu&source=bl&ots=snazKFZCbJ&sig=VTe1TycJEgE68Bh2h0bwqJkfstk&hl=en&sa=X&ved=0ahUKEwiKpNHLgv_XAhVo7oMKHTqxApE4PBDoAQhBMAg,http://www.tnpress.com/legal_links.html&sa=U&ved=0ahUKEwiKpNHLgv_XAhVo7oMKHTqxApE4PBAWCEMwCQ&usg=AOvVaw0j-k50TLJtW20omF8BH62z,http://www.deltastate.edu/&sa=U&ved=0ahUKEwjr2KbOgv_XAhXr7oMKHU9jBwk4RhAWCBQwAA&usg=AOvVaw3_vhUlCV6ChRTfe2vUotle,https://www.younglife.org/&sa=U&ved=0ahUKEwjr2KbOgv_XAhXr7oMKHU9jBwk4RhAWCBowAQ&usg=AOvVaw3lnFX03q75p71Yzvg1Yyxu,https://www.utc.edu/&sa=U&ved=0ahUKEwjr2KbOgv_XAhXr7oMKHU9jBwk4RhAWCCAwAg&usg=AOvVaw1qXAwD6JHYSvEI1fgTjwO7,http://www.grand-island.com/&sa=U&ved=0ahUKEwjr2KbOgv_XAhXr7oMKHU9jBwk4RhAWCCYwAw&usg=AOvVaw32CJMXwyUD2BpbqKR_0bGN,https://www.varsity.com/&sa=U&ved=0ahUKEwjr2KbOgv_XAhXr7oMKHU9jBwk4RhAWCCwwBA&usg=AOvVaw3mOBZXZTm-lIEvrrCUI0U9,https://www.unh.edu/&sa=U&ved=0ahUKEwjr2KbOgv_XAhXr7oMKHU9jBwk4RhAWCDIwBQ&usg=AOvVaw0dMoIU71j-Y0J9Tw1sXCtK,https://www.etsu.edu/&sa=U&ved=0ahUKEwjr2KbOgv_XAhXr7oMKHU9jBwk4RhAWCDcwBg&usg=AOvVaw3kU5XccM76cc3OYWNVRwK1,http://www.phoenix.edu/&sa=U&ved=0ahUKEwjr2KbOgv_XAhXr7oMKHU9jBwk4RhAWCDwwBw&usg=AOvVaw3-1uk1aHXFf5voBlLWFWp8,https://www.faa.gov/&sa=U&ved=0ahUKEwjr2KbOgv_XAhXr7oMKHU9jBwk4RhAWCEIwCA&usg=AOvVaw2fqndkES-AsORMMoyzypkj,http://drexel.edu/&sa=U&ved=0ahUKEwjr2KbOgv_XAhXr7oMKHU9jBwk4RhAWCEgwCQ&usg=AOvVaw1Qe08ArKRYpXoGjZcXOfQH,https://www.ucf.edu/&sa=U&ved=0ahUKEwjbw4jRgv_XAhVL7oMKHYh8Cd04UBAWCBQwAA&usg=AOvVaw3tkteQFOXUijAeztG_4zm_,https://www.hamline.edu/&sa=U&ved=0ahUKEwjbw4jRgv_XAhVL7oMKHYh8Cd04UBAWCBowAQ&usg=AOvVaw32h_I8Q2EzNaHEZaNxDiqE,http://www.usace.army.mil/&sa=U&ved=0ahUKEwjbw4jRgv_XAhVL7oMKHYh8Cd04UBAWCB8wAg&usg=AOvVaw3FI3lFntRG65acE_g6TMut,https://www.utm.edu/&sa=U&ved=0ahUKEwjbw4jRgv_XAhVL7oMKHYh8Cd04UBAWCCUwAw&usg=AOvVaw2MLhmS2e2aBfU7uSNEyOFd,https://www.ets.org/praxis/register/centers_dates&sa=U&ved=0ahUKEwjbw4jRgv_XAhVL7oMKHYh8Cd04UBAWCCswBA&usg=AOvVaw2DFKlIsQLXRm02H0wCcMYS,http://www.quiznos.com/&sa=U&ved=0ahUKEwjbw4jRgv_XAhVL7oMKHYh8Cd04UBAWCDEwBQ&usg=AOvVaw2pL0dC8nRIxKdH_40el_zO,http://www.lifeway.com/&sa=U&ved=0ahUKEwjbw4jRgv_XAhVL7oMKHYh8Cd04UBAWCDcwBg&usg=AOvVaw0H-Gt1R24leD_GKPq2eZCU,https://www.fit.edu/&sa=U&ved=0ahUKEwjbw4jRgv_XAhVL7oMKHYh8Cd04UBAWCD0wBw&usg=AOvVaw0nTFB028ZHZ2s1SjD8qB4E,https://www.autozone.com/&sa=U&ved=0ahUKEwjbw4jRgv_XAhVL7oMKHYh8Cd04UBAWCEIwCA&usg=AOvVaw1ACsLVtGTJqog7LJcbxSwR,https://www.riteaid.com/&sa=U&ved=0ahUKEwjbw4jRgv_XAhVL7oMKHYh8Cd04UBAWCEcwCQ&usg=AOvVaw0XP7vlKU0m-lsaneS5a49f,http://www.biltmore.com/&sa=U&ved=0ahUKEwiF_N_Tgv_XAhXK5IMKHds7ADw4WhAWCBQwAA&usg=AOvVaw0yEPZE9AnzxYCrILBxjpTY,https://www.metlife.com/&sa=U&ved=0ahUKEwiF_N_Tgv_XAhXK5IMKHds7ADw4WhAWCBowAQ&usg=AOvVaw2vKVM-Yj_RMGKX8ADvriIU,https://www.agilent.com/&sa=U&ved=0ahUKEwiF_N_Tgv_XAhXK5IMKHds7ADw4WhAWCCAwAg&usg=AOvVaw3q5goJagaivoaw7JKE9bjP,http://www.sbc.net/&sa=U&ved=0ahUKEwiF_N_Tgv_XAhXK5IMKHds7ADw4WhAWCCYwAw&usg=AOvVaw3X62PE4kB_IIC7sz5RMKdF,https://www.legion.org/&sa=U&ved=0ahUKEwiF_N_Tgv_XAhXK5IMKHds7ADw4WhAWCCwwBA&usg=AOvVaw0_PHIdBHF-8xBbGuJ69bMO,http://semla.musiclibraryassoc.org/brevenotes/BN81.pdf&sa=U&ved=0ahUKEwiF_N_Tgv_XAhXK5IMKHds7ADw4WhAWCDIwBQ&usg=AOvVaw3TgRRqYFlLfWZjX1csb889,https://chroniclingamerica.loc.gov/newspapers/&sa=U&ved=0ahUKEwiF_N_Tgv_XAhXK5IMKHds7ADw4WhAWCDcwBg&usg=AOvVaw2fqqM2HZjvSqViu0atrfTP,http://www.wallacestate.edu/Content/Uploads/wallacestate.edu/files/Genealogy/Civil_War_Internet_Research.pdf&sa=U&ved=0ahUKEwiF_N_Tgv_XAhXK5IMKHds7ADw4WhAWCDwwBw&usg=AOvVaw2zJwYl0C9uNr2YQuWDzukL,https://www.pinotspalette.com/painting-library&sa=U&ved=0ahUKEwiF_N_Tgv_XAhXK5IMKHds7ADw4WhAWCEEwCA&usg=AOvVaw3gJoDFaNYN_YZPbhpqqjUs,http://mca.edu/memphis-college-of-art-students-design-new-library-card/&sa=U&ved=0ahUKEwiF_N_Tgv_XAhXK5IMKHds7ADw4WhAWCEYwCQ&usg=AOvVaw0fFt0XgcumJrNhJQKwEwVu
How to graduate with honors?,http://www.memphis.edu/commencement/graduates/ug-honors.php&sa=U&ved=0ahUKEwiLp_7Wgv_XAhVJ1IMKHUBFClUQFggUMAA&usg=AOvVaw1qTcgYZ4FNZ-9CgL2iGGTj,http://www.memphis.edu/honors/graduating/&sa=U&ved=0ahUKEwiLp_7Wgv_XAhVJ1IMKHUBFClUQFggaMAE&usg=AOvVaw1Cah2Tmt8DIwfYqJhx1DhE,http://www.memphis.edu/honors/&sa=U&ved=0ahUKEwiLp_7Wgv_XAhVJ1IMKHUBFClUQFgggMAI&usg=AOvVaw2utHCdapSxxpHjVt3_QJJX,http://www.memphis.edu/commencement/apply/&sa=U&ved=0ahUKEwiLp_7Wgv_XAhVJ1IMKHUBFClUQFggmMAM&usg=AOvVaw2vGUhLTlbcDVFpP0A0RuHj,http://www.memphis.edu/commencement/graduates/&sa=U&ved=0ahUKEwiLp_7Wgv_XAhVJ1IMKHUBFClUQFggsMAQ&usg=AOvVaw1QHgv2fs9BzgiirOdQNOru,http://www.memphis.edu/commencement/graduates/cord-stole-policy.php&sa=U&ved=0ahUKEwiLp_7Wgv_XAhVJ1IMKHUBFClUQFggyMAU&usg=AOvVaw1k2aFLRSob6tm_aAdrXwND,http://www.memphis.edu/honors/pdfs/thesis_manual.pdf&sa=U&ved=0ahUKEwiLp_7Wgv_XAhVJ1IMKHUBFClUQFgg4MAY&usg=AOvVaw1ks0c8WvGop9xGnWGOw3Mf,http://www.memphis.edu/honors/courses/&sa=U&ved=0ahUKEwiLp_7Wgv_XAhVJ1IMKHUBFClUQFgg-MAc&usg=AOvVaw2Sx3JdMQ0E6Yb3KWjAuqev,http://www.memphis.edu/commencement/&sa=U&ved=0ahUKEwiLp_7Wgv_XAhVJ1IMKHUBFClUQFghEMAg&usg=AOvVaw35uafnj1tkWyKG9TGgzuxn,http://www.memphis.edu/commencement/graduates/program-proof.php&sa=U&ved=0ahUKEwiLp_7Wgv_XAhVJ1IMKHUBFClUQFghKMAk&usg=AOvVaw0g7uFPeRU2IE46mqMAM2dI,http://www.memphis.edu/honors/contact_us/&sa=U&ved=0ahUKEwjUttfZgv_XAhUL74MKHYnpBOk4ChAWCBQwAA&usg=AOvVaw3RjqLY7OtgxTxKXqhOQWBP,http://www.memphis.edu/msci/ugrad/honors.php&sa=U&ved=0ahUKEwjUttfZgv_XAhUL74MKHYnpBOk4ChAWCBowAQ&usg=AOvVaw1hGf_z4NfN48TcZ7a6wey6,http://www.memphis.edu/honors/opportunities/studyabroad.php&sa=U&ved=0ahUKEwjUttfZgv_XAhUL74MKHYnpBOk4ChAWCCEwAg&usg=AOvVaw2rkqDZTfB7OGMr9dBwXzNN,http://catalog.memphis.edu/&sa=U&ved=0ahUKEwjUttfZgv_XAhUL74MKHYnpBOk4ChAWCCcwAw&usg=AOvVaw0EVF4ilfnulw1UiwR2T9ZM,http://www.memphis.edu/honors/opportunities/scholarships.php&sa=U&ved=0ahUKEwjUttfZgv_XAhUL74MKHYnpBOk4ChAWCCwwBA&usg=AOvVaw2CtM0PRO4KCq-JA00g3RLk,http://www.memphis.edu/fcbeusso/honors/index.php&sa=U&ved=0ahUKEwjUttfZgv_XAhUL74MKHYnpBOk4ChAWCDIwBQ&usg=AOvVaw29awWlMhasPnt8DowxH2mB,http://www.memphis.edu/honors/program/scholarships.php&sa=U&ved=0ahUKEwjUttfZgv_XAhUL74MKHYnpBOk4ChAWCDgwBg&usg=AOvVaw0oOwFBC3n3B_BIstjRMLVr,http://www.memphis.edu/honors/opportunities/psychology.php&sa=U&ved=0ahUKEwjUttfZgv_XAhUL74MKHYnpBOk4ChAWCD4wBw&usg=AOvVaw1j_3I6l5bZ19FGk3JzqoN1,http://www.memphis.edu/honors/benefits/&sa=U&ved=0ahUKEwjUttfZgv_XAhUL74MKHYnpBOk4ChAWCEQwCA&usg=AOvVaw3KaKBDCRVsdoL6C2FRwdiG,http://catalog.memphis.edu/preview_entity.php%3Fcatoid%3D3%26ent_oid%3D179%26returnto%3D85&sa=U&ved=0ahUKEwjUttfZgv_XAhUL74MKHYnpBOk4ChAWCEowCQ&usg=AOvVaw0svMPfMJw2Gkb7yS7T_J8j,http://www.memphis.edu/admissions/&sa=U&ved=0ahUKEwjG96zcgv_XAhXIy4MKHe8YA084FBAWCBQwAA&usg=AOvVaw3LTlBhK3RYt-Kj5P6ZRyU3,http://catalog.memphis.edu/preview_entity.php%3Fcatoid%3D3%26ent_oid%3D152%26returnto%3D78&sa=U&ved=0ahUKEwjG96zcgv_XAhXIy4MKHe8YA084FBAWCBowAQ&usg=AOvVaw3wJILsuFSRU3TVSWfoHJFG,http://www.memphis.edu/psychology/undergraduate/honorsprogram.php&sa=U&ved=0ahUKEwjG96zcgv_XAhXIy4MKHe8YA084FBAWCB8wAg&usg=AOvVaw1kErxsx5RNAfV3rspAv24x,http://www.cs.memphis.edu/&sa=U&ved=0ahUKEwjG96zcgv_XAhXIy4MKHe8YA084FBAWCCUwAw&usg=AOvVaw1Cv7vyVJ8lpY4bYQduUlTo,https://umwa.memphis.edu/campusmap/bldg.php%3FBuilding_Id%3D186&sa=U&ved=0ahUKEwjG96zcgv_XAhXIy4MKHe8YA084FBAWCCswBA&usg=AOvVaw3aofSimyfYme5mcpt7_SIv,http://www.memphis.edu/&sa=U&ved=0ahUKEwjG96zcgv_XAhXIy4MKHe8YA084FBAWCDEwBQ&usg=AOvVaw2I_HIutR3TO9RhuHwvHKtw,http://catalog.memphis.edu/content.php%3Fcatoid%3D3%26navoid%3D89&sa=U&ved=0ahUKEwjG96zcgv_XAhXIy4MKHe8YA084FBAWCDcwBg&usg=AOvVaw2G7zlb9ULEGlCtad80MfKC,https://www.cbu.edu/graduation&sa=U&ved=0ahUKEwjG96zcgv_XAhXIy4MKHe8YA084FBAWCDwwBw&usg=AOvVaw02hvXfHWd-CD_rPCpiXbyt,https://www.uthsc.edu/health-professions/about/policies/honors-designation.php&sa=U&ved=0ahUKEwjG96zcgv_XAhXIy4MKHe8YA084FBAWCEIwCA&usg=AOvVaw2qV6xc2PwGwvVWYp_5O7L_,http://catalog.uthsc.edu/content.php%3Fcatoid%3D16%26navoid%3D1382&sa=U&ved=0ahUKEwjG96zcgv_XAhXIy4MKHe8YA084FBAWCEcwCQ&usg=AOvVaw1Epn1N_OzlzZEyXifwSXwc,http://www.tn.edu/graduation/&sa=U&ved=0ahUKEwj4hIPfgv_XAhUk9IMKHVqYBRo4HhAWCBQwAA&usg=AOvVaw0C72sc9JgmqjMnJA31iOc3,http://www.tba.org/sites/default/files/memphislaw_bestnote_050614.pdf&sa=U&ved=0ahUKEwj4hIPfgv_XAhUk9IMKHVqYBRo4HhAWCBkwAQ&usg=AOvVaw27eA5JPngcXIjmqEDp55gt,https://www.tncourts.gov/news/2016/07/19/university-memphis-school-law-alumni-chapter-honors-justice-holly-kirby&sa=U&ved=0ahUKEwj4hIPfgv_XAhUk9IMKHVqYBRo4HhAWCB8wAg&usg=AOvVaw1Yg-jRuw0msgq9MH7C15jP,http://www.vdh.virginia.gov/content/uploads/sites/132/2016/12/Application.pdf&sa=U&ved=0ahUKEwj4hIPfgv_XAhUk9IMKHVqYBRo4HhAWCCUwAw&usg=AOvVaw2oE6bSCI9_Q01MWL2efsdH,https://www.fhu.edu/&sa=U&ved=0ahUKEwj4hIPfgv_XAhUk9IMKHVqYBRo4HhAWCCowBA&usg=AOvVaw2_9Daff3L0WZTE-sTan5T5,https://www.memphisdailynews.com/news/2016/nov/30/memphis-qb-ferguson-earns-honors-for-win-over-houston//print&sa=U&ved=0ahUKEwj4hIPfgv_XAhUk9IMKHVqYBRo4HhAWCDAwBQ&usg=AOvVaw3hr5filkPcfdyphxYUWdRX,http://www.loc.edu/&sa=U&ved=0ahUKEwj4hIPfgv_XAhUk9IMKHVqYBRo4HhAWCDYwBg&usg=AOvVaw0sXh2yrGTMC9EJASF_vzMi,/books.google.com/books?id=lsw7ys8tqDUC&pg=PA178&lpg=PA178&dq=How+to+graduate+with+honors?+site:+memphis.edu&source=bl&ots=y7IiZ0wAsX&sig=8-rnNnQx7adnnsE3ef-NyS7hdjU&hl=en&sa=X&ved=0ahUKEwj4hIPfgv_XAhUk9IMKHVqYBRo4HhDoAQg8MAc,https://www.lyon.edu/&sa=U&ved=0ahUKEwj4hIPfgv_XAhUk9IMKHVqYBRo4HhAWCD8wCA&usg=AOvVaw3HvjeQh13Ll5Dpl-Qa3LEh,http://memphis.academia.edu/TylerFritts/CurriculumVitae&sa=U&ved=0ahUKEwj4hIPfgv_XAhUk9IMKHVqYBRo4HhAWCEUwCQ&usg=AOvVaw3i9w27EQHEbCqXWwpkGRy0,http://memphis.academia.edu/TylerFritts/CurriculumVitae&sa=U&ved=0ahUKEwjP7_Xhgv_XAhUh34MKHbylDV44KBAWCBQwAA&usg=AOvVaw2K2b_XTwfCv-RvCUWW9KDP,https://www.kent.edu/honors/spring-2018-honors-courses-0&sa=U&ved=0ahUKEwjP7_Xhgv_XAhUh34MKHbylDV44KBAWCBkwAQ&usg=AOvVaw0ioC9zgBUrTh4EDVK5wjmx,https://www.olemiss.edu/&sa=U&ved=0ahUKEwjP7_Xhgv_XAhUh34MKHbylDV44KBAWCB4wAg&usg=AOvVaw3O7sOrVvJGLI4V9CKCiyde,http://home.olemiss.edu/~lduck/UHNP1101.pdf&sa=U&ved=0ahUKEwjP7_Xhgv_XAhUh34MKHbylDV44KBAWCCQwAw&usg=AOvVaw3Myw9t_LjVsEM5-Byw-MKi,https://www.utc.edu/&sa=U&ved=0ahUKEwjP7_Xhgv_XAhUh34MKHbylDV44KBAWCCowBA&usg=AOvVaw1fINqMClw7K2UTl1SrRQkv,https://www.uapb.edu/administration/enrollment_management/academic_achievement.aspx&sa=U&ved=0ahUKEwjP7_Xhgv_XAhUh34MKHbylDV44KBAWCDAwBQ&usg=AOvVaw3jP9yv2hufFWzauKJMUPnu,http://www.sociology.msstate.edu/sites/www.sociology.msstate.edu/files/Adriene%2520Davis_CV.pdf&sa=U&ved=0ahUKEwjP7_Xhgv_XAhUh34MKHbylDV44KBAWCDYwBg&usg=AOvVaw0KpWcB2KVQ-yOeCdkmEYVr,https://medschool.vanderbilt.edu/student-affairs/search%3Fsearch%3Dcache:81dK3TA6IvwJ:www.vanderbilt.edu/political-science/people/bios/cvstudents/long-meri.pdf%2B%26output%3Dxml_no_dtd%26client%3Dmedschool_barista%26proxystylesheet%3Dmedschool_barista%26site%3Ddefault_collection%26ie%3DUTF-8%26access%3Dp%26oe%3DUTF-8&sa=U&ved=0ahUKEwjP7_Xhgv_XAhUh34MKHbylDV44KBAWCDswBw&usg=AOvVaw0c12o58vuHIbFw0A_k6VAp,https://www.etsu.edu/&sa=U&ved=0ahUKEwjP7_Xhgv_XAhUh34MKHbylDV44KBAWCD0wCA&usg=AOvVaw2Wg9XC811u9La9WnfDypk2,http://tntel.tnsos.org/TEL-Dept_of_Ed-Legislation-0520-01-03.pdf&sa=U&ved=0ahUKEwjP7_Xhgv_XAhUh34MKHbylDV44KBAWCEIwCQ&usg=AOvVaw2P6a_-lN9KPlfseIVF7VTq,/books.google.com/books?id=f4krAEVx91gC&pg=PA739&lpg=PA739&dq=How+to+graduate+with+honors?+site:+memphis.edu&source=bl&ots=V4yluRUqTj&sig=1OVcz3INYcAE-t7himl_hHfKUY4&hl=en&sa=X&ved=0ahUKEwjho9Xkgv_XAhUl_4MKHbAEDUE4MhDoAQgUMAA,/books.google.com/books?id=DLe1DQAAQBAJ&pg=PA262&lpg=PA262&dq=How+to+graduate+with+honors?+site:+memphis.edu&source=bl&ots=_u_M3vmfpu&sig=7h0ALEExHxjzpSmEIcd8CNOe3sE&hl=en&sa=X&ved=0ahUKEwjho9Xkgv_XAhUl_4MKHbAEDUE4MhDoAQgXMAE,http://www.liberty.edu/&sa=U&ved=0ahUKEwjho9Xkgv_XAhUl_4MKHbAEDUE4MhAWCBowAg&usg=AOvVaw1mo50mE02gsyF9c2bTUHNX,http://letsmoveafrica.com/lbxbpi/vswrlajjqstdg.php%3Fqxo%3Dasu-graduate-application-status&sa=U&ved=0ahUKEwjho9Xkgv_XAhUl_4MKHbAEDUE4MhAWCCAwAw&usg=AOvVaw0Mue-S5MXci4ecpHPJ8Rez,https://www.astate.edu/&sa=U&ved=0ahUKEwjho9Xkgv_XAhUl_4MKHbAEDUE4MhAWCCUwBA&usg=AOvVaw1RiD2Xzk29CrTM1nYkeZdR,https://www.fit.edu/&sa=U&ved=0ahUKEwjho9Xkgv_XAhUl_4MKHbAEDUE4MhAWCCswBQ&usg=AOvVaw1sJIs5XFFlk1BdoQWtcP-i,/books.google.com/books?id=bV0LAAAAIAAJ&pg=PA70&lpg=PA70&dq=How+to+graduate+with+honors?+site:+memphis.edu&source=bl&ots=Uk8MKmcKMN&sig=BbZlg2i_W7Pr9918CgdxSom002Q&hl=en&sa=X&ved=0ahUKEwjho9Xkgv_XAhUl_4MKHbAEDUE4MhDoAQgwMAY,https://en.wikipedia.org/wiki/Florida_International_University&sa=U&ved=0ahUKEwjho9Xkgv_XAhUl_4MKHbAEDUE4MhAWCDMwBw&usg=AOvVaw29jeWOE5iOMZm9E57HT59o,https://www.martinmethodist.edu/&sa=U&ved=0ahUKEwjho9Xkgv_XAhUl_4MKHbAEDUE4MhAWCDkwCA&usg=AOvVaw113S6w5u2jGd3ULL1d_oVC,https://www.tntech.edu/&sa=U&ved=0ahUKEwjho9Xkgv_XAhUl_4MKHbAEDUE4MhAWCD4wCQ&usg=AOvVaw3qYMIf__sanszfkvvogO4E,http://www.commercialappeal.com/story/sports/college/memphis-tigers/football/2017/12/07/memphis-tigers-kr-tony-pollard-named-walter-camp-all-american/933328001/&sa=U&ved=0ahUKEwjpsbPngv_XAhXJ44MKHVZaD-44PBAWCBQwAA&usg=AOvVaw1izw2spHuM1I1vudLUagy9,http://www.cambridgecollege.edu/&sa=U&ved=0ahUKEwjpsbPngv_XAhXJ44MKHVZaD-44PBAWCBowAQ&usg=AOvVaw1zGi5kRhJ6FtX8Zgquo9Ey,/books.google.com/books?id=mCUgAQAAMAAJ&pg=PA355&lpg=PA355&dq=How+to+graduate+with+honors?+site:+memphis.edu&source=bl&ots=FFQu46Knav&sig=n8MIlBKzeSi4ic0Vujd1DkUk6ZY&hl=en&sa=X&ved=0ahUKEwjpsbPngv_XAhXJ44MKHVZaD-44PBDoAQggMAI,http://www.chamberlain.edu/docs/default-source/academics-admissions/catalog.pdf&sa=U&ved=0ahUKEwjpsbPngv_XAhXJ44MKHVZaD-44PBAWCCIwAw&usg=AOvVaw3hRoE_e8XLAPJuXZw-Obb1,http://www.deltastate.edu/&sa=U&ved=0ahUKEwjpsbPngv_XAhXJ44MKHVZaD-44PBAWCCUwBA&usg=AOvVaw1x4CFUBO69ZXk1m1agO2G6,/books.google.com/books?id=0PM6AQAAMAAJ&pg=RA4-PA10&lpg=RA4-PA10&dq=How+to+graduate+with+honors?+site:+memphis.edu&source=bl&ots=Gddg_TdFjJ&sig=5y2fmvzkUPF2X4ezXhHyZGFJXFo&hl=en&sa=X&ved=0ahUKEwjpsbPngv_XAhXJ44MKHVZaD-44PBDoAQgrMAU,/books.google.com/books?id=t70TX0_t_fEC&pg=PA483&lpg=PA483&dq=How+to+graduate+with+honors?+site:+memphis.edu&source=bl&ots=CetQKxlP7Q&sig=v1DWXIbyepsbHhzPqJ7AASMf1Mk&hl=en&sa=X&ved=0ahUKEwjpsbPngv_XAhXJ44MKHVZaD-44PBDoAQgtMAY,https://www.missouristate.edu/&sa=U&ved=0ahUKEwjpsbPngv_XAhXJ44MKHVZaD-44PBAWCC8wBw&usg=AOvVaw3P_ENvwDrto9G1QeWT1HZN,https://www.opry.com/&sa=U&ved=0ahUKEwjpsbPngv_XAhXJ44MKHVZaD-44PBAWCDQwCA&usg=AOvVaw0xKS7REZB7OmKm8cElH77I,http://www.gamecocksonline.com/sports/m-soccer/spec-rel/scar-m-soccer-spec-rel.html&sa=U&ved=0ahUKEwjpsbPngv_XAhXJ44MKHVZaD-44PBAWCDkwCQ&usg=AOvVaw1hHlQS0i45d5QZbyINI22T,http://www.legacy.com/obituaries/commercialappeal/obituary.aspx%3Fn%3Dronald-k-ron-burford%26pid%3D187482898%26fhid%3D14302&sa=U&ved=0ahUKEwjD7JHqgv_XAhVE5oMKHcp0AXM4RhAWCBQwAA&usg=AOvVaw1azMFayGXbg3KKqvjqBGUn,https://inroads.org/&sa=U&ved=0ahUKEwjD7JHqgv_XAhVE5oMKHcp0AXM4RhAWCB8wAQ&usg=AOvVaw0AengzgQUyPPXmESwBVTS8,http://www.wbrc.com/category/169360/seen-on-tv&sa=U&ved=0ahUKEwjD7JHqgv_XAhVE5oMKHcp0AXM4RhAWCCUwAg&usg=AOvVaw1dAErAF8zNF7r1wOfzqKsQ,http://www.bigten.org/sports/m-footbl/spec-rel/120817aab.html&sa=U&ved=0ahUKEwjD7JHqgv_XAhVE5oMKHcp0AXM4RhAWCCowAw&usg=AOvVaw0EGdAR9m42yjQC9F4ttdwY,http://www.blackenterprise.com/&sa=U&ved=0ahUKEwjD7JHqgv_XAhVE5oMKHcp0AXM4RhAWCDAwBA&usg=AOvVaw1PyPBsbM55Qf7xkPi1JXBN,http://content.post-journal.com/news/local-news/2016/08/agency-has-dealt-with-staff-agency-turnover-throughout-2016/&sa=U&ved=0ahUKEwjD7JHqgv_XAhVE5oMKHcp0AXM4RhAWCDYwBQ&usg=AOvVaw0gRLl1ooE2WC11o3S0gfve,http://events.nyu.edu/%23!view/seo&sa=U&ved=0ahUKEwjD7JHqgv_XAhVE5oMKHcp0AXM4RhAWCDwwBg&usg=AOvVaw1Y5_MZ30N26HTHIL-6NWEd,http://webs.wichita.edu/dt/faculty-list/%3Fid%3D51%26fpid%3D208&sa=U&ved=0ahUKEwjD7JHqgv_XAhVE5oMKHcp0AXM4RhAWCEEwBw&usg=AOvVaw3-caY4TNeyL_XRMoWi7_E2,http://ecupirates.com/news/2017/11/20/football-brown-and-minshew-earn-weekly-honors.aspx&sa=U&ved=0ahUKEwjD7JHqgv_XAhVE5oMKHcp0AXM4RhAWCEYwCA&usg=AOvVaw2uaeV96JjITlpW4re93BRP,http://opda.fsu.edu/sites/g/files/upcbnu671/files/media/Files/OPDA%2520Weekly%2520Digest%2520January%25209%252C%25202017.docx&sa=U&ved=0ahUKEwjD7JHqgv_XAhVE5oMKHcp0AXM4RhAWCEwwCQ&usg=AOvVaw1ZfCsU8NYQBGzxk5sTj-7G,https://www.cur.org/ncur_2017/memphis_attractions/&sa=U&ved=0ahUKEwihkejsgv_XAhUI2IMKHXVHBz44UBAWCBQwAA&usg=AOvVaw0pFSqmBhjkRYQl-CnFZQsb,https://health.nmsu.edu/socialwork/wp-content/uploads/sites/4/2015/11/Hancock-Tina-CV.pdf&sa=U&ved=0ahUKEwihkejsgv_XAhUI2IMKHXVHBz44UBAWCBkwAQ&usg=AOvVaw0nkN4uGfnJnVIfT05AgWdV,http://degreedirectory.td.org/sites/university-of-memphis/1101/Leadership%2BDevelopment&sa=U&ved=0ahUKEwihkejsgv_XAhUI2IMKHXVHBz44UBAWCB8wAg&usg=AOvVaw1yPvY28ZMqKQ_TjbueBEPw,https://issuu.com/univofmemphis/docs/expresses&sa=U&ved=0ahUKEwihkejsgv_XAhUI2IMKHXVHBz44UBAWCCUwAw&usg=AOvVaw1PGD51Lr9K0ZQY8noa_M_8,http://www.nathanmyhrvold.com/index.php/about/awards-honors&sa=U&ved=0ahUKEwihkejsgv_XAhUI2IMKHXVHBz44UBAWCCswBA&usg=AOvVaw0T6-CfUPlyIJH0RZsgAlRM,http://www.gobearcats.com/news/2017/5/22/Thompson_Noda_Earn_All_Conference_Honors.aspx&sa=U&ved=0ahUKEwihkejsgv_XAhUI2IMKHXVHBz44UBAWCDAwBQ&usg=AOvVaw10Xxi-9pKH_hdy0TVNtBb2,http://www.houstonisd.org/Domain/1883&sa=U&ved=0ahUKEwihkejsgv_XAhUI2IMKHXVHBz44UBAWCDYwBg&usg=AOvVaw18siHSYqtGGNDvsWmWRxqE,http://letuathletics.com/coaches.aspx%3Frc%3D130%26path%3Dwcross&sa=U&ved=0ahUKEwihkejsgv_XAhUI2IMKHXVHBz44UBAWCDswBw&usg=AOvVaw2hz6guxAzu2OFuoF_arqdj,http://www.onlinedegreereviews.org/college/capella-university-reviews/&sa=U&ved=0ahUKEwihkejsgv_XAhUI2IMKHXVHBz44UBAWCEAwCA&usg=AOvVaw3K9_XtXcW9Q9F2d8LiHShS,https://www.lwionline.org/sites/default/files/2017-09/Lebovits%2520Gewuerz%2520Hunker%2520Winning%2520the%2520Moot%2520Court%2520Argument.pdf&sa=U&ved=0ahUKEwihkejsgv_XAhUI2IMKHXVHBz44UBAWCEYwCQ&usg=AOvVaw1bCqzyWh7TODbro2gq8g7l,http://www.asanet.org/sites/default/files/savvy/sectionsexgend/awards.html&sa=U&ved=0ahUKEwjO8r_vgv_XAhVn4YMKHRqlCOg4WhAWCBQwAA&usg=AOvVaw3C2m5vIqYLo2E1kZBVXA1S,http://www.meangreensports.com/sports/m-footbl/spec-rel/ntex-m-footbl-spec-rel.html&sa=U&ved=0ahUKEwjO8r_vgv_XAhVn4YMKHRqlCOg4WhAWCBswAQ&usg=AOvVaw36edbgdTqzgMzq9Q_1j9LM,https://www.affordablecollegesonline.org/affordable-colleges-with-high-returns/&sa=U&ved=0ahUKEwjO8r_vgv_XAhVn4YMKHRqlCOg4WhAWCCEwAg&usg=AOvVaw0BREwurwryENAUdFTqvoUp,http://www.hardingacademymemphis.org/news/highlights/2017/2/24/honors-african-american-history-class-trip&sa=U&ved=0ahUKEwjO8r_vgv_XAhVn4YMKHRqlCOg4WhAWCCYwAw&usg=AOvVaw3wVR39he7TRKOVj83CrsSD,http://www.milesgoldenbears.com/news/2016/11/11/football-four-golden-bears-earn-all-conference-honors.aspx%3Fpath%3Dfootball&sa=U&ved=0ahUKEwjO8r_vgv_XAhVn4YMKHRqlCOg4WhAWCCwwBA&usg=AOvVaw3esV7rgpDWOHaxWVxmS_KS,https://www.bakeru.edu/images/pdf/Res_workingadult/spgs_catalog.pdf&sa=U&ved=0ahUKEwjO8r_vgv_XAhVn4YMKHRqlCOg4WhAWCDMwBQ&usg=AOvVaw3xsJkQZSsBV9O3VHyxuuKC,https://liberal-arts.wright.edu/school-of-public-and-international-affairs/news&sa=U&ved=0ahUKEwjO8r_vgv_XAhVn4YMKHRqlCOg4WhAWCDgwBg&usg=AOvVaw1HKKYl_OZ-Whzm8-Zny-3w,http://www.dscc.edu/node/3953&sa=U&ved=0ahUKEwjO8r_vgv_XAhVn4YMKHRqlCOg4WhAWCD4wBw&usg=AOvVaw2biiBKpEP8gf_HOSlLYiHK,https://www.facebook.com/NROTC.Memphis/about&sa=U&ved=0ahUKEwjO8r_vgv_XAhVn4YMKHRqlCOg4WhAWCEMwCA&usg=AOvVaw1mzvuVtzLJCPoPlE1mm93C,https://nursing.uth.edu/dotAsset/c12e35fe-41c0-476a-b719-6b5a5d7b5430.pdf&sa=U&ved=0ahUKEwjO8r_vgv_XAhVn4YMKHRqlCOg4WhAWCEgwCQ&usg=AOvVaw2lgqGgeabZ6_73_xSXhlf7
scholarships in computer science,http://www.memphis.edu/cs/&sa=U&ved=0ahUKEwj-o57ygv_XAhXo4IMKHU4rDL8QFggUMAA&usg=AOvVaw2n36ZljaQ0AAjre6As8pc6,http://www.cs.memphis.edu/&sa=U&ved=0ahUKEwj-o57ygv_XAhXo4IMKHU4rDL8QFggeMAE&usg=AOvVaw0q-EFQ3o1JUhg81sW-o092,http://www.memphis.edu/cs/financial_aid/ug_scholarships.php&sa=U&ved=0ahUKEwj-o57ygv_XAhXo4IMKHU4rDL8QFggpMAI&usg=AOvVaw1t0MS5Uor59vgZnRnDliQ6,http://www.memphis.edu/cs/programs/ms_computer_science.php&sa=U&ved=0ahUKEwj-o57ygv_XAhXo4IMKHU4rDL8QFgguMAM&usg=AOvVaw0N7z0vU0AQHCK5hEjEb_gx,http://www.memphis.edu/cs/programs/index.php&sa=U&ved=0ahUKEwj-o57ygv_XAhXo4IMKHU4rDL8QFgg0MAQ&usg=AOvVaw34Z6CcwA8NO3Uq4ozXk4UF,http://www.memphis.edu/cs/financial_aid/diversity_in_cs.php&sa=U&ved=0ahUKEwj-o57ygv_XAhXo4IMKHU4rDL8QFgg6MAU&usg=AOvVaw3JvnangZpGKUvhwAi0A6Ww,http://catalog.memphis.edu/preview_entity.php%3Fcatoid%3D3%26ent_oid%3D132%26returnto%3D77&sa=U&ved=0ahUKEwj-o57ygv_XAhXo4IMKHU4rDL8QFgg_MAY&usg=AOvVaw0F6dL1srG9APac2pbybOXl,http://www.memphis.edu/cs/courses/index.php&sa=U&ved=0ahUKEwj-o57ygv_XAhXo4IMKHU4rDL8QFghEMAc&usg=AOvVaw1iqWUD6j8wVHFK4PeCVDJj,http://www.memphis.edu/scholarships/&sa=U&ved=0ahUKEwj-o57ygv_XAhXo4IMKHU4rDL8QFghKMAg&usg=AOvVaw26b7xzS6KUUSWSAtNSPYx7,http://www.memphis.edu/cs/programs/grad_cert_data_science.php&sa=U&ved=0ahUKEwj-o57ygv_XAhXo4IMKHU4rDL8QFghQMAk&usg=AOvVaw1ihJNAhz0BFoPcIB_SV7g0,http://www.memphis.edu/cs/research/cyber_security.php&sa=U&ved=0ahUKEwiwj4f1gv_XAhUK7YMKHS0rAl04ChAWCBQwAA&usg=AOvVaw0pxkrBT5N8QNMSImtwR45y,http://www.memphis.edu/cs/research/software_systems.php&sa=U&ved=0ahUKEwiwj4f1gv_XAhUK7YMKHS0rAl04ChAWCBowAQ&usg=AOvVaw0RYkjW-AHLMBv_sh1jbv2c,http://www.memphis.edu/cs/financial_aid/grad_fellowships.php&sa=U&ved=0ahUKEwiwj4f1gv_XAhUK7YMKHS0rAl04ChAWCCAwAg&usg=AOvVaw21VvrDjf2h-eV-axnHDoEn,http://www.memphis.edu/cs/career_opportunities/index.php&sa=U&ved=0ahUKEwiwj4f1gv_XAhUK7YMKHS0rAl04ChAWCCYwAw&usg=AOvVaw0eLeefnHD7J_PxuviHx2SW,http://www.memphis.edu/scholarships/student_employment/sejobs.php&sa=U&ved=0ahUKEwiwj4f1gv_XAhUK7YMKHS0rAl04ChAWCCwwBA&usg=AOvVaw0XTMWt5e8Gm_svH2TfnEPD,http://www.memphis.edu/cs/student_resources/cslc.php&sa=U&ved=0ahUKEwiwj4f1gv_XAhUK7YMKHS0rAl04ChAWCDEwBQ&usg=AOvVaw0vyer78TGDapGAO5i-5BqW,http://www.memphis.edu/cs/current_students/cslc.php&sa=U&ved=0ahUKEwiwj4f1gv_XAhUK7YMKHS0rAl04ChAWCDcwBg&usg=AOvVaw3UtFJLSd1U-gGCZr854Ftl,http://www.memphis.edu/cs/financial_aid/peter_neathery.php&sa=U&ved=0ahUKEwiwj4f1gv_XAhUK7YMKHS0rAl04ChAWCDwwBw&usg=AOvVaw0FSY99ntkv7zUUVUKQJ4X1,http://www.memphis.edu/chem/programs/undergrad/scholarships.php&sa=U&ved=0ahUKEwiwj4f1gv_XAhUK7YMKHS0rAl04ChAWCEEwCA&usg=AOvVaw3meCsV6feuOdSTQhBdk55f,http://www.memphis.edu/eece/&sa=U&ved=0ahUKEwiwj4f1gv_XAhUK7YMKHS0rAl04ChAWCEcwCQ&usg=AOvVaw2tmwuF9sEAgNSY_0lfn0dU,http://catalog.memphis.edu/preview_program.php%3Fcatoid%3D4%26poid%3D842%26returnto%3D99&sa=U&ved=0ahUKEwj9rej3gv_XAhWCx4MKHYv6Deo4FBAWCBQwAA&usg=AOvVaw3FaUm1t9iA4DCpWhoXifpb,http://www.memphis.edu/cs/programs/ms_bioinformatics.php&sa=U&ved=0ahUKEwj9rej3gv_XAhWCx4MKHYv6Deo4FBAWCBkwAQ&usg=AOvVaw1r55hV0ICqkNnR28enkcq0,http://catalog.memphis.edu/preview_program.php%3Fcatoid%3D3%26poid%3D610%26returnto%3D77&sa=U&ved=0ahUKEwj9rej3gv_XAhWCx4MKHYv6Deo4FBAWCB8wAg&usg=AOvVaw3iubxO6h57Og1mVyEg8H7D,http://www.memphis.edu/&sa=U&ved=0ahUKEwj9rej3gv_XAhWCx4MKHYv6Deo4FBAWCCQwAw&usg=AOvVaw0wAiaVQHBscWLIIEA2fdSk,http://www.memphis.edu/cs/news_and_events/news/2017_iasp.php&sa=U&ved=0ahUKEwj9rej3gv_XAhWCx4MKHYv6Deo4FBAWCCowBA&usg=AOvVaw3c_EWVrJoiI2_ADG_heSY4,http://www.memphis.edu/cas/&sa=U&ved=0ahUKEwj9rej3gv_XAhWCx4MKHYv6Deo4FBAWCC8wBQ&usg=AOvVaw1wbnmPKnSnq6zQosIjYv8p,http://www.memphis.edu/gradschool/current_students/fellowships/awards_fellowships.php&sa=U&ved=0ahUKEwj9rej3gv_XAhWCx4MKHYv6Deo4FBAWCDUwBg&usg=AOvVaw0onXEl_R5BASpw_N6Q6O9y,http://catalog.memphis.edu/preview_program.php%3Fcatoid%3D4%26poid%3D978%26returnto%3D99&sa=U&ved=0ahUKEwj9rej3gv_XAhWCx4MKHYv6Deo4FBAWCDswBw&usg=AOvVaw2nrSeKVXUZKjvQ25Q4iGkV,https://www.usnews.com/best-graduate-schools/top-science-schools/university-of-memphis-220862&sa=U&ved=0ahUKEwj9rej3gv_XAhWCx4MKHYv6Deo4FBAWCEAwCA&usg=AOvVaw0ZNebPNzIaUOTj9OJLhYwI,https://tcatmemphis.edu/&sa=U&ved=0ahUKEwj9rej3gv_XAhWCx4MKHYv6Deo4FBAWCEYwCQ&usg=AOvVaw0RTY4BZMhI-6lmySXWdJTF,http://www.computerscience.org/scholarships/&sa=U&ved=0ahUKEwi9rsX6gv_XAhWr64MKHUZSC9M4HhAWCBQwAA&usg=AOvVaw0gYPqMFtw_Skn6VtyAW2vU,https://www.cbu.edu/scholarships&sa=U&ved=0ahUKEwi9rsX6gv_XAhWr64MKHUZSC9M4HhAWCBowAQ&usg=AOvVaw1fwoD1JLuVodO-Fi7sRMC1,https://www.nsf.gov/awardsearch/showAward%3FAWD_ID%3D0122950&sa=U&ved=0ahUKEwi9rsX6gv_XAhWr64MKHUZSC9M4HhAWCCAwAg&usg=AOvVaw1N0X4E95ThB_NEI0bxhVy0,https://www.niche.com/colleges/search/best-colleges-for-computer-science/s/tennessee/&sa=U&ved=0ahUKEwi9rsX6gv_XAhWr64MKHUZSC9M4HhAWCCIwAw&usg=AOvVaw3zEZXSETWsA3q3Ns22VLPs,https://www.rhodes.edu/mathcs&sa=U&ved=0ahUKEwi9rsX6gv_XAhWr64MKHUZSC9M4HhAWCCcwBA&usg=AOvVaw0yPKm80tmES4z-49jUlHJW,https://www.free-4u.com/Colleges/University-of-Memphis.html&sa=U&ved=0ahUKEwi9rsX6gv_XAhWr64MKHUZSC9M4HhAWCC0wBQ&usg=AOvVaw2QF6wyK5fli47YUyWVYNWb,https://memphis.academicworks.com/%3Fpage%3D2&sa=U&ved=0ahUKEwi9rsX6gv_XAhWr64MKHUZSC9M4HhAWCDMwBg&usg=AOvVaw3Kww2_CUe9_r7ucOr0BJ9z,https://www.women.cs.cmu.edu/Resources/Funding/&sa=U&ved=0ahUKEwi9rsX6gv_XAhWr64MKHUZSC9M4HhAWCDgwBw&usg=AOvVaw2LoPcEx6PtNMP1vru8rUD_,http://www.ncsasports.org/athletic-scholarships/mens-soccer/tennessee/university-of-memphis&sa=U&ved=0ahUKEwi9rsX6gv_XAhWr64MKHUZSC9M4HhAWCD8wCA&usg=AOvVaw3Ou17G7dDiWee83c5TAF-1,https://www.cappex.com/meritScholarships/University-of-Memphis-220862&sa=U&ved=0ahUKEwi9rsX6gv_XAhWr64MKHUZSC9M4HhAWCEUwCQ&usg=AOvVaw2cj01nmYsUazZmL6UqnA7o,https://securelb.imodules.com/s/1728/interior.aspx%3Fsid%3D1728%26gid%3D2%26pgid%3D928%26cid%3D1872&sa=U&ved=0ahUKEwiz6qP9gv_XAhVr1oMKHREEBPQ4KBAWCBQwAA&usg=AOvVaw2_wTCxQgdMocHPVexA1OL-,http://www.loc.edu/&sa=U&ved=0ahUKEwiz6qP9gv_XAhVr1oMKHREEBPQ4KBAWCBYwAQ&usg=AOvVaw33ZuVlSuWuFomQOBV1SAkb,/books.google.com/books?id=hAp6CMsMbPUC&pg=PT517&lpg=PT517&dq=scholarships+in+computer+science+site:+memphis.edu&source=bl&ots=Ab1o2npsGA&sig=7ky9LmVx6yV63miB4t7oI8lDQNs&hl=en&sa=X&ved=0ahUKEwiz6qP9gv_XAhVr1oMKHREEBPQ4KBDoAQgcMAI,/books.google.com/books?id=dNWIBAAAQBAJ&pg=PT1677&lpg=PT1677&dq=scholarships+in+computer+science+site:+memphis.edu&source=bl&ots=6wCRtFDubr&sig=4mw3w6AvEpk4t-NCwFLFD_HGsMk&hl=en&sa=X&ved=0ahUKEwiz6qP9gv_XAhVr1oMKHREEBPQ4KBDoAQgfMAM,http://www.collegedata.com/cs/data/college/pdf/full/University_of_Memphis_College_Profile.PDF%3FschoolId%3D1529%26page%3Dall&sa=U&ved=0ahUKEwiz6qP9gv_XAhVr1oMKHREEBPQ4KBAWCCIwBA&usg=AOvVaw1qjmZKVotaOKqdn-bEmpAG,/books.google.com/books?id=vtWIBAAAQBAJ&pg=PT1812&lpg=PT1812&dq=scholarships+in+computer+science+site:+memphis.edu&source=bl&ots=qtafzkKWDY&sig=eblx5BzeQ6bHJPmPpO1fyqj9_nY&hl=en&sa=X&ved=0ahUKEwiz6qP9gv_XAhVr1oMKHREEBPQ4KBDoAQgnMAU,https://www.mycollegeoptions.org/31/3/Engineering-(ElectricalElectronic)/search-results-scholarship-search-by-major.aspx&sa=U&ved=0ahUKEwiz6qP9gv_XAhVr1oMKHREEBPQ4KBAWCCowBg&usg=AOvVaw14X-e1YMccwWBDVyDrohA4,https://www.mycollegeoptions.org/15/1/Chemistry/search-results-scholarship-search-by-major.aspx&sa=U&ved=0ahUKEwiz6qP9gv_XAhVr1oMKHREEBPQ4KBAWCC8wBw&usg=AOvVaw0W5dIoj2V3WLIMIejc5HKx,https://www.harding.edu/advancement/scholarships&sa=U&ved=0ahUKEwiz6qP9gv_XAhVr1oMKHREEBPQ4KBAWCDQwCA&usg=AOvVaw2FK-8WiJY-uv7JeA6zV9al,https://utc.scholarships.ngwebsolutions.com/ScholarX_ScholarshipSearch.aspx&sa=U&ved=0ahUKEwiz6qP9gv_XAhVr1oMKHREEBPQ4KBAWCDowCQ&usg=AOvVaw0kgO3NUd9FZOOWsl4USqlM,http://libguides.eckerd.edu/c.php%3Fg%3D527992%26p%3D3863677&sa=U&ved=0ahUKEwjJ3oGAg__XAhUkzIMKHSoDB-84MhAWCBQwAA&usg=AOvVaw2SjwNJg1SlwTs8_I0E1ca0,https://issuu.com/univofmemphis/docs/express_yourself&sa=U&ved=0ahUKEwjJ3oGAg__XAhUkzIMKHSoDB-84MhAWCBYwAQ&usg=AOvVaw3o4h09VCvlZ0ex2Ueo0vNP,https://www.studentgrants.org/&sa=U&ved=0ahUKEwjJ3oGAg__XAhUkzIMKHSoDB-84MhAWCBswAg&usg=AOvVaw2decsG1ZW-813BbLBJB0Vi,http://onlinelibrary.wiley.com/%3F/%3Fdictionary.oed.com.ezproxy.memphis.edu&sa=U&ved=0ahUKEwjJ3oGAg__XAhUkzIMKHSoDB-84MhAWCCAwAw&usg=AOvVaw38h5PfNV3bsq7lOvuiVKN5,http://studyabroad.jeduka.com/united-states/tamil-nadu/memphis/the-university-of-memphis-course-science-computer-science-major-b-s-&sa=U&ved=0ahUKEwjJ3oGAg__XAhUkzIMKHSoDB-84MhAWCCIwBA&usg=AOvVaw0Rdi_nMYXiIkqkPEZhVZm_,http://www.phoenix.edu/&sa=U&ved=0ahUKEwjJ3oGAg__XAhUkzIMKHSoDB-84MhAWCCcwBQ&usg=AOvVaw3szJewUrQfn06vbEo8zw7r,http://www.onlineeducation.net/school/university-of-memphis&sa=U&ved=0ahUKEwjJ3oGAg__XAhUkzIMKHSoDB-84MhAWCC0wBg&usg=AOvVaw1KDQAn3dgrPr8ZUVnCYmiD,https://www.simnet.org/members/group_content_view.asp%3Fgroup%3D63265%26id%3D57254&sa=U&ved=0ahUKEwjJ3oGAg__XAhUkzIMKHSoDB-84MhAWCDIwBw&usg=AOvVaw3LP-ZUdJhwvDgb4M8Uy6cn,https://www.fhu.edu/&sa=U&ved=0ahUKEwjJ3oGAg__XAhUkzIMKHSoDB-84MhAWCDcwCA&usg=AOvVaw0bU6BawX0ubcq9APYMUjvt,https://www.lyon.edu/&sa=U&ved=0ahUKEwjJ3oGAg__XAhUkzIMKHSoDB-84MhAWCD0wCQ&usg=AOvVaw0irbrN1s5enKu9HCN5sosU,https://www.knoxschools.org/Page/11707&sa=U&ved=0ahUKEwjsqd-Cg__XAhXIyoMKHQK5DFM4PBAWCBQwAA&usg=AOvVaw16MSxrF7hMD0qQKXLVCS54,https://www.ucf.edu/&sa=U&ved=0ahUKEwjsqd-Cg__XAhXIyoMKHQK5DFM4PBAWCBkwAQ&usg=AOvVaw0zOVfQU62w3IL6H3Vt-7N9,https://www.olemiss.edu/&sa=U&ved=0ahUKEwjsqd-Cg__XAhXIyoMKHQK5DFM4PBAWCB8wAg&usg=AOvVaw0Z00O7xxlHeNSSEGUJuJBA,https://www.fit.edu/&sa=U&ved=0ahUKEwjsqd-Cg__XAhXIyoMKHQK5DFM4PBAWCCUwAw&usg=AOvVaw1A96KuYE_s4LmVN77R9VGk,http://www.webster.edu/&sa=U&ved=0ahUKEwjsqd-Cg__XAhXIyoMKHQK5DFM4PBAWCCowBA&usg=AOvVaw2QDxYzFt64a_wLbE_e-fKz,https://www1.villanova.edu/villanova/artsci/philosophy/academic-programs/undergrad/ourgraduates.html&sa=U&ved=0ahUKEwjsqd-Cg__XAhXIyoMKHQK5DFM4PBAWCDAwBQ&usg=AOvVaw0oR65hzeEo4gdgfp36fPPV,http://www.liberty.edu/&sa=U&ved=0ahUKEwjsqd-Cg__XAhXIyoMKHQK5DFM4PBAWCDYwBg&usg=AOvVaw0SSRQMGOdl5ZvTCGY0vlYq,https://www.etsu.edu/&sa=U&ved=0ahUKEwjsqd-Cg__XAhXIyoMKHQK5DFM4PBAWCDwwBw&usg=AOvVaw24fxUwCu2USWISAXCf8iyL,https://jobs.acsp.org/jobseeker/printjob/37582592/&sa=U&ved=0ahUKEwjsqd-Cg__XAhXIyoMKHQK5DFM4PBAWCEEwCA&usg=AOvVaw1e7G1yraAeEFoQjvEg9ln1,https://en.wikipedia.org/wiki/North_Carolina_State_University&sa=U&ved=0ahUKEwjsqd-Cg__XAhXIyoMKHQK5DFM4PBAWCEcwCQ&usg=AOvVaw2QODjA8iQQWxy44EMpT51q,https://hope.edu/admissions/scholarships.html&sa=U&ved=0ahUKEwjrrsyFg__XAhUJ7YMKHWxODx04RhAWCBQwAA&usg=AOvVaw0TXgWGKEN6S-pUOIaJs2E4,https://sydney.edu.au/engineering/people/judy.kay.php&sa=U&ved=0ahUKEwjrrsyFg__XAhUJ7YMKHWxODx04RhAWCBkwAQ&usg=AOvVaw02scKmeYS7OUY9ckjlMP6l,http://www.pupr.edu/information-assurance-and-security/&sa=U&ved=0ahUKEwjrrsyFg__XAhUJ7YMKHWxODx04RhAWCB8wAg&usg=AOvVaw2zjWImMaqQzYLFGNc5WJBo,https://www.usajobs.gov/Search/Results&sa=U&ved=0ahUKEwjrrsyFg__XAhUJ7YMKHWxODx04RhAWCCUwAw&usg=AOvVaw06hLQ6j90djIKBPjzNhgv0,https://bigfuture.collegeboard.org/college-university-search/print-college-profile%3Fid%3D2106&sa=U&ved=0ahUKEwjrrsyFg__XAhUJ7YMKHWxODx04RhAWCCgwBA&usg=AOvVaw2l_LicEKvvSWZb61WJdPnp,http://www.bestcolleges.com/features/best-online-masters-psychology-programs/&sa=U&ved=0ahUKEwjrrsyFg__XAhUJ7YMKHWxODx04RhAWCC0wBQ&usg=AOvVaw2Y_zWIfAWtgqiE7T88YZip,https://cra.org/crn/wp-content/uploads/sites/7/2017/01/CRN_Jan_2017.pdf&sa=U&ved=0ahUKEwjrrsyFg__XAhUJ7YMKHWxODx04RhAWCDMwBg&usg=AOvVaw2BFW-gu05PJ1O7T-rdWIh_,https://www.collegexpress.com/college/university-of-memphis/2400209/details/&sa=U&ved=0ahUKEwjrrsyFg__XAhUJ7YMKHWxODx04RhAWCDkwBw&usg=AOvVaw0eY0JPyBdbESjkg7-8kWCp,http://catalog.utc.edu/content.php%3Fcatoid%3D4%26navoid%3D64&sa=U&ved=0ahUKEwjrrsyFg__XAhUJ7YMKHWxODx04RhAWCD4wCA&usg=AOvVaw1MiWO7Qc-xf8THl7rT7qxq,https://www2.deloitte.com/content/dam/Deloitte/us/Documents/public-sector/us-fed-increasing-the-effectiveness-of-the-federal-role-in-cybersecurity-education.pdf&sa=U&ved=0ahUKEwjrrsyFg__XAhUJ7YMKHWxODx04RhAWCEQwCQ&usg=AOvVaw08Oy8NDtGQtrc_HhBY4XJv,https://www.lawcrossing.com/article/900045316/Legal-Scholarship-Directory/&sa=U&ved=0ahUKEwi_u66Ig__XAhVI_IMKHS0ZDCA4UBAWCBQwAA&usg=AOvVaw3rUJBrExyg_sWOp7A6rpM5,https://www.wtamu.edu/student-support/scholarships-list-of.aspx&sa=U&ved=0ahUKEwi_u66Ig__XAhVI_IMKHS0ZDCA4UBAWCBkwAQ&usg=AOvVaw0YF4KTE7Ij9pGQ75pIcuZK,https://www.act.org/content/dam/act/unsecured/documents/ACT-College-Codes.pdf&sa=U&ved=0ahUKEwi_u66Ig__XAhVI_IMKHS0ZDCA4UBAWCB8wAg&usg=AOvVaw0xARY4ckxRwBENTSei5Xry,https://www.muhlenberg.edu/main/aboutus/communications/campusnews/facultyscholarshipandprofessionalengagement/&sa=U&ved=0ahUKEwi_u66Ig__XAhVI_IMKHS0ZDCA4UBAWCCQwAw&usg=AOvVaw13G7FWuw6VwHDZKhP0C4A-,https://studyabroad.shiksha.com/department-of-computer-science-the-university-of-memphis-usa-deptlisting-43393&sa=U&ved=0ahUKEwi_u66Ig__XAhVI_IMKHS0ZDCA4UBAWCCowBA&usg=AOvVaw2iWhfdjjypVuPZGpI7D5lE,http://www.pathwaystoscience.org/programs.aspx%3Fu%3DHighSchool_High%2520School%2520Students%26sa%3Deither%26p%3Deither%26c%3Deither%26submit%3Dy%26adv%3Dadv%26alpha%3DA%26pos%3D0&sa=U&ved=0ahUKEwi_u66Ig__XAhVI_IMKHS0ZDCA4UBAWCC8wBQ&usg=AOvVaw2z8IJ6YMM4SHbVczNLyGD3,https://www.mvsu.edu/&sa=U&ved=0ahUKEwi_u66Ig__XAhVI_IMKHS0ZDCA4UBAWCDUwBg&usg=AOvVaw19X4fV3APMlujAFuyTPUrF,https://www.cfwnc.org/Scholarships/ProgramsandEligibility.aspx%3Fs%3DHeffington%2BScholarship&sa=U&ved=0ahUKEwi_u66Ig__XAhVI_IMKHS0ZDCA4UBAWCDswBw&usg=AOvVaw093ZE2_SpEDQfTVzC4QdqF,https://www.facebook.com/MemphisComputerScience/about&sa=U&ved=0ahUKEwi_u66Ig__XAhVI_IMKHS0ZDCA4UBAWCEAwCA&usg=AOvVaw1kBPLuhxF--gYH3ArTYYlS,https://spaces.internet2.edu/display/InCFederation/List%2Bof%2BResearch%2Band%2BScholarship%2BEntities&sa=U&ved=0ahUKEwi_u66Ig__XAhVI_IMKHS0ZDCA4UBAWCEUwCQ&usg=AOvVaw2hMSkytplZtSXQ3QT27xU-,http://college.usatoday.com/student/scholarships-computer-science-scholarships&sa=U&ved=0ahUKEwjb1I2Lg__XAhXs44MKHQMWCu44WhAWCBQwAA&usg=AOvVaw2f0hY1aeZXpj345tPk1kfe,http://pubs.acs.org/doi/pdfplus/10.1021/ed077p1552%3Fsrc%3Drecsys&sa=U&ved=0ahUKEwjb1I2Lg__XAhXs44MKHQMWCu44WhAWCBkwAQ&usg=AOvVaw0nGPoYCAj6hlNFG6Whbusu,https://www.uu.edu/transfers/TransferPiece_Fa16_web.pdf&sa=U&ved=0ahUKEwjb1I2Lg__XAhXs44MKHQMWCu44WhAWCBswAg&usg=AOvVaw1yih6fityl9nVT_TkEa-iT,https://www.devry.edu/&sa=U&ved=0ahUKEwjb1I2Lg__XAhXs44MKHQMWCu44WhAWCCEwAw&usg=AOvVaw0ki-ZpYuG_WCWXMQV10udL,http://sites.ieee.org/memphis/files/2014/08/SmartGridSecurity-Talk.pdf&sa=U&ved=0ahUKEwjb1I2Lg__XAhXs44MKHQMWCu44WhAWCCcwBA&usg=AOvVaw2Njvaezr1_nlzcQPha3Y8w,https://www.hutchisonschool.org/page/news-detail%3Fpk%3D875399&sa=U&ved=0ahUKEwjb1I2Lg__XAhXs44MKHQMWCu44WhAWCCkwBQ&usg=AOvVaw0ouU0FAR7GNicsnuFMMa0n,https://www.nsfgrfp.org/applicants/tips_for_applying/experienced_resource_list&sa=U&ved=0ahUKEwjb1I2Lg__XAhXs44MKHQMWCu44WhAWCC8wBg&usg=AOvVaw1j_keTl1jsVjLun2tTNQAy,https://pdfs.semanticscholar.org/540d/14e792f57f17f08131cba3cc5f29ea9c06b5.pdf&sa=U&ved=0ahUKEwjb1I2Lg__XAhXs44MKHQMWCu44WhAWCDYwBw&usg=AOvVaw2Y2wrRpQ6h8TLviE_nKZSX,https://www.engr.uky.edu/2017/07/19/engineering-fulbrights/&sa=U&ved=0ahUKEwjb1I2Lg__XAhXs44MKHQMWCu44WhAWCDgwCA&usg=AOvVaw2szyYTewOgodo710kjelRD,https://www.redventures.com/careers.html&sa=U&ved=0ahUKEwjb1I2Lg__XAhXs44MKHQMWCu44WhAWCD4wCQ&usg=AOvVaw1VtnU_nra2N13dc4Fi22z6
